<?xml version="1.0" encoding="UTF-8"?><!--This is a generated file. DO NOT EDIT!--><cve:CVE xmlns:cve="urn:us:gov:ic:cve" xmlns="urn:us:gov:ic:cve" xmlns:ism="urn:us:gov:ic:ism" xmlns:xsi="http://www.w3.org/2001/XMLSchema-instance" ism:compliesWith="USGov USIC" ism:ownerProducer="USA" ism:classification="U" ism:DESVersion="201609.201707" ism:ISMCATCESVersion="201609" ism:resourceElement="true" CVEVersion="2.1" specVersion="201609.201707" ism:createDate="2019-12-23" xsi:schemaLocation="urn:us:gov:ic:cve ../CveSchema/CVEXml.xsd">
    
    <cve:IRM>
        <URN>urn:us:gov:ic:cvenum:ism:scicontrols</URN>
        <Title ism:ownerProducer="USA" ism:classification="U">CVEnumISMSCIControls</Title>
        <Description ism:ownerProducer="USA" ism:classification="U">All currently valid SCI controls from the published register. This CVE is used by @ism:SCIcontrols.</Description>
        
        <Created>2019-12-23T16:24:50.911Z</Created>
        
        <Source ism:classification="U" ism:ownerProducer="USA">IC Systems Register and Manual</Source>
        <PointOfContact ism:classification="U" ism:ownerProducer="USA">
         <Name>Office IC CIO</Name>
         <Email>ic-standards-support@iarpa.gov</Email>
      </PointOfContact>
    </cve:IRM>
    
    <cve:Enumeration multivalue="true" ism:ownerProducer="USA" ism:classification="U">
        <Term ism:classification="U" ism:ownerProducer="USA">
            <Value ism:classification="U" ism:ownerProducer="USA">HCS</Value>
            <Description ism:classification="U" ism:ownerProducer="USA">HCS</Description>
        </Term>
        <Term ism:classification="U" ism:ownerProducer="USA">
            <Value ism:classification="U" ism:ownerProducer="USA">HCS-O</Value>
            <Description ism:classification="U" ism:ownerProducer="USA">HCS-O</Description>
        </Term>
        <Term ism:classification="U" ism:ownerProducer="USA">
            <Value ism:classification="U" ism:ownerProducer="USA">HCS-P</Value>
            <Description ism:classification="U" ism:ownerProducer="USA">HCS-P</Description>
        </Term>
        <Term ism:classification="U" ism:ownerProducer="USA">
            <Value ism:classification="U" ism:ownerProducer="USA">RSV</Value>
            <Description ism:classification="U" ism:ownerProducer="USA">RESERVE</Description>
        </Term>
        <Term ism:classification="U" ism:ownerProducer="USA">
            <Value ism:classification="U" ism:ownerProducer="USA">SI</Value>
            <Description ism:classification="U" ism:ownerProducer="USA">SPECIAL INTELLIGENCE</Description>
        </Term>
        <Term ism:classification="U" ism:ownerProducer="USA">
            <Value ism:classification="U" ism:ownerProducer="USA">SI-EU</Value>
            <Description ism:classification="U" ism:ownerProducer="USA">ECRU</Description>
        </Term>
        <Term ism:classification="U" ism:ownerProducer="USA">
            <Value ism:classification="U" ism:ownerProducer="USA">SI-G</Value>
            <Description ism:classification="U" ism:ownerProducer="USA">SI-GAMMA</Description>
        </Term>  
        <Term ism:classification="U" ism:ownerProducer="USA">
            <Value ism:classification="U" ism:ownerProducer="USA">SI-NK</Value>
            <Description ism:classification="U" ism:ownerProducer="USA">NONBOOK</Description>
        </Term>  
        <Term ism:classification="U" ism:ownerProducer="USA">
            <Value ism:classification="U" ism:ownerProducer="USA">TK</Value>
            <Description ism:classification="U" ism:ownerProducer="USA">TALENT KEYHOLE</Description>
        </Term>
        <Term ism:classification="U" ism:ownerProducer="USA">
            <Value ism:classification="U" ism:ownerProducer="USA">TK-BLFH</Value>
            <Description ism:classification="U" ism:ownerProducer="USA">BLUEFISH</Description>
        </Term>
        <Term ism:classification="U" ism:ownerProducer="USA">
            <Value ism:classification="U" ism:ownerProducer="USA">TK-IDIT</Value>
            <Description ism:classification="U" ism:ownerProducer="USA">IDITAROD</Description>
        </Term>        
        <Term ism:classification="U" ism:ownerProducer="USA">
            <Value ism:classification="U" ism:ownerProducer="USA">TK-KAND</Value>
            <Description ism:classification="U" ism:ownerProducer="USA">KANDIK</Description>
        </Term>
    </cve:Enumeration>
    
</cve:CVE>