{
    "@context": {
        "cve": "urn:us:gov:ic:cve", 
        "ism": "urn:us:gov:ic:ism"
    }, 
    "cve:CVE": {
        "cve:Enumeration": {
            "cve:Term": [
                {
                    "cve:Description": {
                        "text": "RESTRICTED DATA", 
                        "ism:ownerProducer": "USA", 
                        "ism:classification": "U"
                    }, 
                    "cve:Value": {
                        "text": "RD", 
                        "ism:ownerProducer": "USA", 
                        "ism:classification": "U"
                    }, 
                    "ism:ownerProducer": "USA", 
                    "ism:classification": "U"
                }, 
                {
                    "cve:Description": {
                        "text": "RD-CRITICAL NUCLEAR WEAPON DESIGN INFORMATION", 
                        "ism:ownerProducer": "USA", 
                        "ism:classification": "U"
                    }, 
                    "cve:Value": {
                        "text": "RD-CNWDI", 
                        "ism:ownerProducer": "USA", 
                        "ism:classification": "U"
                    }, 
                    "ism:ownerProducer": "USA", 
                    "ism:classification": "U"
                }, 
                {
                    "cve:Description": {
                        "text": "RD-SIGMA-#, # represents the SIGMA number which may be 14, 15, 18, or 20.", 
                        "ism:ownerProducer": "USA", 
                        "ism:classification": "U"
                    }, 
                    "cve:Value": {
                        "text": "RD-SG-((14)|(15)|(18)|(20))", 
                        "regularExpression": "true", 
                        "ism:ownerProducer": "USA", 
                        "ism:classification": "U"
                    }, 
                    "ism:ownerProducer": "USA", 
                    "ism:classification": "U"
                }, 
                {
                    "cve:Description": {
                        "text": "FORMERLY RESTRICTED DATA", 
                        "ism:ownerProducer": "USA", 
                        "ism:classification": "U"
                    }, 
                    "cve:Value": {
                        "text": "FRD", 
                        "ism:ownerProducer": "USA", 
                        "ism:classification": "U"
                    }, 
                    "ism:ownerProducer": "USA", 
                    "ism:classification": "U"
                }, 
                {
                    "cve:Description": {
                        "text": "FRD-SIGMA-#, # represents the SIGMA number which may be 14, 15, 18, or 20.", 
                        "ism:ownerProducer": "USA", 
                        "ism:classification": "U"
                    }, 
                    "cve:Value": {
                        "text": "FRD-SG-((14)|(15)|(18)|(20))", 
                        "regularExpression": "true", 
                        "ism:ownerProducer": "USA", 
                        "ism:classification": "U"
                    }, 
                    "ism:ownerProducer": "USA", 
                    "ism:classification": "U"
                }, 
                {
                    "cve:Description": {
                        "text": "DoD CONTROLLED NUCLEAR INFORMATION", 
                        "ism:ownerProducer": "USA", 
                        "ism:classification": "U"
                    }, 
                    "cve:Value": {
                        "text": "DCNI", 
                        "ism:ownerProducer": "USA", 
                        "ism:classification": "U"
                    }, 
                    "ism:ownerProducer": "USA", 
                    "ism:classification": "U"
                }, 
                {
                    "cve:Description": {
                        "text": "DoE CONTROLLED NUCLEAR INFORMATION", 
                        "ism:ownerProducer": "USA", 
                        "ism:classification": "U"
                    }, 
                    "cve:Value": {
                        "text": "UCNI", 
                        "ism:ownerProducer": "USA", 
                        "ism:classification": "U"
                    }, 
                    "ism:ownerProducer": "USA", 
                    "ism:classification": "U"
                }, 
                {
                    "cve:Description": {
                        "text": "TRANSCLASSIFIED FOREIGN NUCLEAR INFORMATION", 
                        "ism:ownerProducer": "USA", 
                        "ism:classification": "U"
                    }, 
                    "cve:Value": {
                        "text": "TFNI", 
                        "ism:ownerProducer": "USA", 
                        "ism:classification": "U"
                    }, 
                    "ism:ownerProducer": "USA", 
                    "ism:classification": "U"
                }
            ], 
            "multivalue": "true", 
            "ism:ownerProducer": "USA", 
            "ism:classification": "U"
        }, 
        "ism:ownerProducer": "USA", 
        "CVEVersion": "2.1", 
        "cve:IRM": {
            "cve:Source": {
                "text": "IC Systems Register and Manual", 
                "ism:ownerProducer": "USA", 
                "ism:classification": "U"
            }, 
            "cve:Description": {
                "text": "All currently valid Atomic Energy information markings from the published register. This CVE is used by @ism:atomicEnergyMarkings.", 
                "ism:ownerProducer": "USA", 
                "ism:classification": "U"
            }, 
            "cve:PointOfContact": {
                "cve:Name": "Office IC CIO", 
                "cve:Email": "ic-standards-support@iarpa.gov", 
                "ism:ownerProducer": "USA", 
                "ism:classification": "U"
            }, 
            "cve:URN": "urn:us:gov:ic:cvenum:ism:atomicEnergyMarkings", 
            "cve:Title": {
                "text": "CVEnumISMatomicEnergyMarkings", 
                "ism:ownerProducer": "USA", 
                "ism:classification": "U"
            }, 
            "cve:Created": "2011-02-04T00:22:00-04:00"
        }, 
        "specVersion": "201609.201707", 
        "ism:DESVersion": "201609.201707", 
        "xsi:schemaLocation": "urn:us:gov:ic:cve ../CveSchema/CVEXml.xsd", 
        "ism:compliesWith": "USGov USIC", 
        "ism:classification": "U", 
        "ism:createDate": "2011-09-01", 
        "ism:resourceElement": "true", 
        "ism:ISMCATCESVersion": "201609"
    }
}