"ValueClassification","Value","DescriptionClassification","Description"
"(U) ","IC_710_MANDATORY_FDR","(U) ","Document claims exemption from ICD-710 rules mandating the
				use of Foreign Disclosure and Release markings that have been encoded in ISM.
				Currently, the requirement for FD&R is only mandatory for Disseminated Analytic
				Product; however, it is strongly encouraged otherwise."
"(U) ","DOD_DISTRO_STATEMENT","(U) ","Document claims exemption from the rules in DoD5230.24
				requiring DoD Distribution Statements that have been encoded into
				ISM."

