<?xml version="1.0" encoding="utf-8"?><!-- Notices - Distribution Notice: 
           This document has been approved for Public Release and is available for use without restriction.
       --><cve:CVE xmlns:cve="urn:us:gov:ic:cve" xmlns:ism="urn:us:gov:ic:ism" xmlns:xsi="http://www.w3.org/2001/XMLSchema-instance" ism:compliesWith="USGov USIC" ism:ownerProducer="USA" ism:classification="U" ism:DESVersion="201609.201707" ism:ISMCATCESVersion="201609" ism:resourceElement="true" CVEVersion="2.1" specVersion="201609.201707" ism:createDate="2011-09-01" xsi:schemaLocation="urn:us:gov:ic:cve ../CveSchema/CVEXml.xsd">
	
	  <cve:IRM>
		    <URN xmlns="urn:us:gov:ic:cve">urn:us:gov:ic:cvenum:ism:pocType</URN>
		    <Title xmlns="urn:us:gov:ic:cve" ism:ownerProducer="USA" ism:classification="U">CVEnumISMPocType</Title>
	  	<Description xmlns="urn:us:gov:ic:cve" ism:ownerProducer="USA" ism:classification="U">All currently authorized types for ISM-related points-of-contact. This CVE is used by @ism:pocType.</Description>
		
		    <cve:Created>2011-07-13T14:42:00-04:00</cve:Created>
		
		    <Source ism:classification="U" ism:ownerProducer="USA" xmlns="urn:us:gov:ic:cve">DoD Directive 5230.24</Source>
		    <Source ism:classification="U" ism:ownerProducer="USA" xmlns="urn:us:gov:ic:cve">ICD-710</Source>
		    <Source ism:classification="U" ism:ownerProducer="USA" xmlns="urn:us:gov:ic:cve">Originator Controlled Memo, March 11, 2011</Source>
		    <PointOfContact ism:classification="U" ism:ownerProducer="USA" xmlns="urn:us:gov:ic:cve">
         <Name>Office IC CIO</Name>
         <Email>ic-standards-support@iarpa.gov</Email>
      </PointOfContact>
	  </cve:IRM>
	
	  <cve:Enumeration multivalue="true" ism:ownerProducer="USA" ism:classification="U">
		    <Term xmlns="urn:us:gov:ic:cve" ism:classification="U" ism:ownerProducer="USA">
			      <Value ism:classification="U" ism:ownerProducer="USA">ICD-710</Value>
			      <Description ism:classification="U" ism:ownerProducer="USA">Point-of-contact for an ICD-710 notice.</Description>
		    </Term>
		    <Term xmlns="urn:us:gov:ic:cve" ism:classification="U" ism:ownerProducer="USA">
			      <Value ism:classification="U" ism:ownerProducer="USA">DoD-Dist-B</Value>
			      <Description ism:classification="U" ism:ownerProducer="USA">DoD Distribution statement B from DoD Directive 5230.24</Description>
		    </Term>
		    <Term xmlns="urn:us:gov:ic:cve" ism:classification="U" ism:ownerProducer="USA">
			      <Value ism:classification="U" ism:ownerProducer="USA">DoD-Dist-C</Value>
			      <Description ism:classification="U" ism:ownerProducer="USA">DoD Distribution statement C from DoD Directive 5230.24</Description>
		    </Term>
		    <Term xmlns="urn:us:gov:ic:cve" ism:classification="U" ism:ownerProducer="USA">
			      <Value ism:classification="U" ism:ownerProducer="USA">DoD-Dist-D</Value>
			      <Description ism:classification="U" ism:ownerProducer="USA">DoD Distribution statement D from DoD Directive 5230.24</Description>
		    </Term>
		    <Term xmlns="urn:us:gov:ic:cve" ism:classification="U" ism:ownerProducer="USA">
			      <Value ism:classification="U" ism:ownerProducer="USA">DoD-Dist-E</Value>
			      <Description ism:classification="U" ism:ownerProducer="USA">DoD Distribution statement E from DoD Directive 5230.24</Description>
		    </Term>
		    <Term xmlns="urn:us:gov:ic:cve" ism:classification="U" ism:ownerProducer="USA">
			      <Value ism:classification="U" ism:ownerProducer="USA">DoD-Dist-F</Value>
			      <Description ism:classification="U" ism:ownerProducer="USA">DoD Distribution statement F from DoD Directive 5230.24</Description>
		    </Term>
		    <Term xmlns="urn:us:gov:ic:cve" ism:classification="U" ism:ownerProducer="USA">
			      <Value ism:classification="U" ism:ownerProducer="USA">DoD-Dist-X</Value>
			      <Description ism:classification="U" ism:ownerProducer="USA">DoD Distribution statement X from DoD Directive 5230.24</Description>
		    </Term>
	  </cve:Enumeration>
	
</cve:CVE>