{
    "@context": {
        "cve": "urn:us:gov:ic:cve", 
        "ism": "urn:us:gov:ic:ism"
    }, 
    "cve:CVE": {
        "cve:Enumeration": {
            "cve:Term": [
                {
                    "cve:Description": {
                        "text": "NATO Atomal mark", 
                        "ism:ownerProducer": "USA", 
                        "ism:classification": "U"
                    }, 
                    "cve:Value": {
                        "text": "ATOMAL", 
                        "ism:ownerProducer": "USA", 
                        "ism:classification": "U"
                    }, 
                    "ism:ownerProducer": "USA", 
                    "ism:classification": "U"
                }, 
                {
                    "cve:Description": {
                        "text": "NATO Bohemia mark", 
                        "ism:ownerProducer": "USA", 
                        "ism:classification": "U"
                    }, 
                    "cve:Value": {
                        "text": "BOHEMIA", 
                        "ism:ownerProducer": "USA", 
                        "ism:classification": "U"
                    }, 
                    "ism:ownerProducer": "USA", 
                    "ism:classification": "U"
                }, 
                {
                    "cve:Description": {
                        "text": "NATO Balk mark", 
                        "ism:ownerProducer": "USA", 
                        "ism:classification": "U"
                    }, 
                    "cve:Value": {
                        "text": "BALK", 
                        "ism:ownerProducer": "USA", 
                        "ism:classification": "U"
                    }, 
                    "ism:ownerProducer": "USA", 
                    "ism:classification": "U"
                }
            ], 
            "multivalue": "true", 
            "ism:ownerProducer": "USA", 
            "ism:classification": "U"
        }, 
        "ism:ownerProducer": "USA", 
        "CVEVersion": "2.1", 
        "cve:IRM": {
            "cve:Source": {
                "text": "ISM schema", 
                "ism:ownerProducer": "USA", 
                "ism:classification": "U"
            }, 
            "cve:Description": {
                "text": "NonUS Control markings supported by ISM. This CVE is used by @ism:nonUSControls.", 
                "ism:ownerProducer": "USA", 
                "ism:classification": "U"
            }, 
            "cve:PointOfContact": {
                "cve:Name": "Office IC CIO", 
                "cve:Email": "ic-standards-support@iarpa.gov", 
                "ism:ownerProducer": "USA", 
                "ism:classification": "U"
            }, 
            "cve:URN": "urn:us:gov:ic:cvenum:ism:nonuscontrols", 
            "cve:Title": {
                "text": "CVEnumISMNonUSControls", 
                "ism:ownerProducer": "USA", 
                "ism:classification": "U"
            }, 
            "cve:Created": "2010-06-06T20:11:00-04:00"
        }, 
        "specVersion": "201609.201707", 
        "ism:DESVersion": "201609.201707", 
        "xsi:schemaLocation": "urn:us:gov:ic:cve ../CveSchema/CVEXml.xsd", 
        "ism:compliesWith": "USGov USIC", 
        "ism:classification": "U", 
        "ism:createDate": "2011-09-01", 
        "ism:resourceElement": "true", 
        "ism:ISMCATCESVersion": "201609"
    }
}