{
    "@context": {
        "defaultNamespace": "urn:us:gov:ic:cve", 
        "cve": "urn:us:gov:ic:cve", 
        "ism": "urn:us:gov:ic:ism"
    }, 
    "cve:CVE": {
        "cve:Enumeration": {
            "cve:Term": [
                {
                    "cve:Description": {
                        "text": "HCS", 
                        "ism:ownerProducer": "USA", 
                        "ism:classification": "U"
                    }, 
                    "cve:Value": {
                        "text": "HCS", 
                        "ism:ownerProducer": "USA", 
                        "ism:classification": "U"
                    }, 
                    "ism:ownerProducer": "USA", 
                    "ism:classification": "U"
                }, 
                {
                    "cve:Description": {
                        "text": "HCS-O", 
                        "ism:ownerProducer": "USA", 
                        "ism:classification": "U"
                    }, 
                    "cve:Value": {
                        "text": "HCS-O", 
                        "ism:ownerProducer": "USA", 
                        "ism:classification": "U"
                    }, 
                    "ism:ownerProducer": "USA", 
                    "ism:classification": "U"
                }, 
                {
                    "cve:Description": {
                        "text": "HCS-P", 
                        "ism:ownerProducer": "USA", 
                        "ism:classification": "U"
                    }, 
                    "cve:Value": {
                        "text": "HCS-P", 
                        "ism:ownerProducer": "USA", 
                        "ism:classification": "U"
                    }, 
                    "ism:ownerProducer": "USA", 
                    "ism:classification": "U"
                }, 
                {
                    "cve:Description": {
                        "text": "RESERVE", 
                        "ism:ownerProducer": "USA", 
                        "ism:classification": "U"
                    }, 
                    "cve:Value": {
                        "text": "RSV", 
                        "ism:ownerProducer": "USA", 
                        "ism:classification": "U"
                    }, 
                    "ism:ownerProducer": "USA", 
                    "ism:classification": "U"
                }, 
                {
                    "cve:Description": {
                        "text": "SPECIAL INTELLIGENCE", 
                        "ism:ownerProducer": "USA", 
                        "ism:classification": "U"
                    }, 
                    "cve:Value": {
                        "text": "SI", 
                        "ism:ownerProducer": "USA", 
                        "ism:classification": "U"
                    }, 
                    "ism:ownerProducer": "USA", 
                    "ism:classification": "U"
                }, 
                {
                    "cve:Description": {
                        "text": "ECRU", 
                        "ism:ownerProducer": "USA", 
                        "ism:classification": "U"
                    }, 
                    "cve:Value": {
                        "text": "SI-EU", 
                        "ism:ownerProducer": "USA", 
                        "ism:classification": "U"
                    }, 
                    "ism:ownerProducer": "USA", 
                    "ism:classification": "U"
                }, 
                {
                    "cve:Description": {
                        "text": "SI-GAMMA", 
                        "ism:ownerProducer": "USA", 
                        "ism:classification": "U"
                    }, 
                    "cve:Value": {
                        "text": "SI-G", 
                        "ism:ownerProducer": "USA", 
                        "ism:classification": "U"
                    }, 
                    "ism:ownerProducer": "USA", 
                    "ism:classification": "U"
                }, 
                {
                    "cve:Description": {
                        "text": "NONBOOK", 
                        "ism:ownerProducer": "USA", 
                        "ism:classification": "U"
                    }, 
                    "cve:Value": {
                        "text": "SI-NK", 
                        "ism:ownerProducer": "USA", 
                        "ism:classification": "U"
                    }, 
                    "ism:ownerProducer": "USA", 
                    "ism:classification": "U"
                }, 
                {
                    "cve:Description": {
                        "text": "TALENT KEYHOLE", 
                        "ism:ownerProducer": "USA", 
                        "ism:classification": "U"
                    }, 
                    "cve:Value": {
                        "text": "TK", 
                        "ism:ownerProducer": "USA", 
                        "ism:classification": "U"
                    }, 
                    "ism:ownerProducer": "USA", 
                    "ism:classification": "U"
                }, 
                {
                    "cve:Description": {
                        "text": "BLUEFISH", 
                        "ism:ownerProducer": "USA", 
                        "ism:classification": "U"
                    }, 
                    "cve:Value": {
                        "text": "TK-BLFH", 
                        "ism:ownerProducer": "USA", 
                        "ism:classification": "U"
                    }, 
                    "ism:ownerProducer": "USA", 
                    "ism:classification": "U"
                }, 
                {
                    "cve:Description": {
                        "text": "IDITAROD", 
                        "ism:ownerProducer": "USA", 
                        "ism:classification": "U"
                    }, 
                    "cve:Value": {
                        "text": "TK-IDIT", 
                        "ism:ownerProducer": "USA", 
                        "ism:classification": "U"
                    }, 
                    "ism:ownerProducer": "USA", 
                    "ism:classification": "U"
                }, 
                {
                    "cve:Description": {
                        "text": "KANDIK", 
                        "ism:ownerProducer": "USA", 
                        "ism:classification": "U"
                    }, 
                    "cve:Value": {
                        "text": "TK-KAND", 
                        "ism:ownerProducer": "USA", 
                        "ism:classification": "U"
                    }, 
                    "ism:ownerProducer": "USA", 
                    "ism:classification": "U"
                }
            ], 
            "multivalue": "true", 
            "ism:ownerProducer": "USA", 
            "ism:classification": "U"
        }, 
        "ism:ownerProducer": "USA", 
        "CVEVersion": "2.1", 
        "cve:IRM": {
            "cve:Source": {
                "text": "IC Systems Register and Manual", 
                "ism:ownerProducer": "USA", 
                "ism:classification": "U"
            }, 
            "cve:Description": {
                "text": "All currently valid SCI controls from the published register. This CVE is used by @ism:SCIcontrols.", 
                "ism:ownerProducer": "USA", 
                "ism:classification": "U"
            }, 
            "cve:PointOfContact": {
                "cve:Name": "Office IC CIO", 
                "cve:Email": "ic-standards-support@iarpa.gov", 
                "ism:ownerProducer": "USA", 
                "ism:classification": "U"
            }, 
            "cve:URN": "urn:us:gov:ic:cvenum:ism:scicontrols", 
            "cve:Title": {
                "text": "CVEnumISMSCIControls", 
                "ism:ownerProducer": "USA", 
                "ism:classification": "U"
            }, 
            "cve:Created": "2019-12-23T16:24:50.911Z"
        }, 
        "specVersion": "201609.201707", 
        "ism:DESVersion": "201609.201707", 
        "xsi:schemaLocation": "urn:us:gov:ic:cve ../CveSchema/CVEXml.xsd", 
        "ism:compliesWith": "USGov USIC", 
        "ism:classification": "U", 
        "ism:createDate": "2019-12-23", 
        "ism:resourceElement": "true", 
        "ism:ISMCATCESVersion": "201609"
    }
}