"ValueClassification","Value","DescriptionClassification","Description"
"(U) ","ICD-710","(U) ","Point-of-contact for an ICD-710 notice."
"(U) ","DoD-Dist-B","(U) ","DoD Distribution statement B from DoD Directive 5230.24"
"(U) ","DoD-Dist-C","(U) ","DoD Distribution statement C from DoD Directive 5230.24"
"(U) ","DoD-Dist-D","(U) ","DoD Distribution statement D from DoD Directive 5230.24"
"(U) ","DoD-Dist-E","(U) ","DoD Distribution statement E from DoD Directive 5230.24"
"(U) ","DoD-Dist-F","(U) ","DoD Distribution statement F from DoD Directive 5230.24"
"(U) ","DoD-Dist-X","(U) ","DoD Distribution statement X from DoD Directive 5230.24"

