{
    "@context": {
        "cve": "urn:us:gov:ic:cve", 
        "ism": "urn:us:gov:ic:ism"
    }, 
    "cve:CVE": {
        "cve:Enumeration": {
            "cve:Term": [
                {
                    "cve:Description": {
                        "text": "LIMITED DISTRIBUTION", 
                        "ism:ownerProducer": "USA", 
                        "ism:classification": "U"
                    }, 
                    "cve:Value": {
                        "text": "DS", 
                        "ism:ownerProducer": "USA", 
                        "ism:classification": "U"
                    }, 
                    "ism:ownerProducer": "USA", 
                    "ism:classification": "U"
                }, 
                {
                    "cve:Description": {
                        "text": "EXCLUSIVE DISTRIBUTION", 
                        "ism:ownerProducer": "USA", 
                        "ism:classification": "U"
                    }, 
                    "cve:Value": {
                        "text": "XD", 
                        "ism:ownerProducer": "USA", 
                        "ism:classification": "U"
                    }, 
                    "ism:ownerProducer": "USA", 
                    "ism:classification": "U"
                }, 
                {
                    "cve:Description": {
                        "text": "NO DISTRIBUTION", 
                        "ism:ownerProducer": "USA", 
                        "ism:classification": "U"
                    }, 
                    "cve:Value": {
                        "text": "ND", 
                        "ism:ownerProducer": "USA", 
                        "ism:classification": "U"
                    }, 
                    "ism:ownerProducer": "USA", 
                    "ism:classification": "U"
                }, 
                {
                    "cve:Description": {
                        "text": "SENSITIVE BUT UNCLASSIFIED", 
                        "ism:ownerProducer": "USA", 
                        "ism:classification": "U"
                    }, 
                    "cve:Value": {
                        "text": "SBU", 
                        "ism:ownerProducer": "USA", 
                        "ism:classification": "U"
                    }, 
                    "ism:ownerProducer": "USA", 
                    "ism:classification": "U"
                }, 
                {
                    "cve:Description": {
                        "text": "SENSITIVE BUT UNCLASSIFIED NOFORN", 
                        "ism:ownerProducer": "USA", 
                        "ism:classification": "U"
                    }, 
                    "cve:Value": {
                        "text": "SBU-NF", 
                        "ism:ownerProducer": "USA", 
                        "ism:classification": "U"
                    }, 
                    "ism:ownerProducer": "USA", 
                    "ism:classification": "U"
                }, 
                {
                    "cve:Description": {
                        "text": "LAW ENFORCEMENT SENSITIVE", 
                        "ism:ownerProducer": "USA", 
                        "ism:classification": "U"
                    }, 
                    "cve:Value": {
                        "text": "LES", 
                        "ism:ownerProducer": "USA", 
                        "ism:classification": "U"
                    }, 
                    "ism:ownerProducer": "USA", 
                    "ism:classification": "U"
                }, 
                {
                    "cve:Description": {
                        "text": "LAW ENFORCEMENT SENSITIVE NOFORN", 
                        "ism:ownerProducer": "USA", 
                        "ism:classification": "U"
                    }, 
                    "cve:Value": {
                        "text": "LES-NF", 
                        "ism:ownerProducer": "USA", 
                        "ism:classification": "U"
                    }, 
                    "ism:ownerProducer": "USA", 
                    "ism:classification": "U"
                }, 
                {
                    "cve:Description": {
                        "text": "SENSITIVE SECURITY INFORMATION", 
                        "ism:ownerProducer": "USA", 
                        "ism:classification": "U"
                    }, 
                    "cve:Value": {
                        "text": "SSI", 
                        "ism:ownerProducer": "USA", 
                        "ism:classification": "U"
                    }, 
                    "ism:ownerProducer": "USA", 
                    "ism:classification": "U"
                }, 
                {
                    "cve:Description": {
                        "text": "NAVAL NUCLEAR PROPULSION INFORMATION", 
                        "ism:ownerProducer": "USA", 
                        "ism:classification": "U"
                    }, 
                    "cve:Value": {
                        "text": "NNPI", 
                        "ism:ownerProducer": "USA", 
                        "ism:classification": "U"
                    }, 
                    "ism:ownerProducer": "USA", 
                    "ism:classification": "U"
                }
            ], 
            "multivalue": "true", 
            "ism:ownerProducer": "USA", 
            "ism:classification": "U"
        }, 
        "ism:ownerProducer": "USA", 
        "CVEVersion": "2.1", 
        "cve:IRM": {
            "cve:Source": {
                "text": "IC Systems Register and Manual", 
                "ism:ownerProducer": "USA", 
                "ism:classification": "U"
            }, 
            "cve:Description": {
                "text": "All currently valid Non-IC markings from the published register. This CVE is used by @ism:nonICmarkings.", 
                "ism:ownerProducer": "USA", 
                "ism:classification": "U"
            }, 
            "cve:PointOfContact": {
                "cve:Name": "Office IC CIO", 
                "cve:Email": "ic-standards-support@iarpa.gov", 
                "ism:ownerProducer": "USA", 
                "ism:classification": "U"
            }, 
            "cve:URN": "urn:us:gov:ic:cvenum:ism:nonic", 
            "cve:Title": {
                "text": "CVEnumISMNonIC", 
                "ism:ownerProducer": "USA", 
                "ism:classification": "U"
            }, 
            "cve:Created": "2012-01-04T00:14:00-04:00"
        }, 
        "specVersion": "201609.201707", 
        "ism:DESVersion": "201609.201707", 
        "xsi:schemaLocation": "urn:us:gov:ic:cve ../CveSchema/CVEXml.xsd", 
        "ism:compliesWith": "USGov USIC", 
        "ism:classification": "U", 
        "ism:createDate": "2012-01-04", 
        "ism:resourceElement": "true", 
        "ism:ISMCATCESVersion": "201609"
    }
}